															
Nishant Sharma	A-14 noida sector-16	5270 4267 1234 4321	dummy2@dummy.com												
Vaibhav Sanjay Patil	A-14 noida sector-17	788888888	dummasasy1@dummy.com												
Ujjwal Sharma	A-14 noida sector-18	788888888	dummy21@dummy.com												
Surbhi Saubhya	A-14 noida sector-19	788888888	dummy331@dummy.com												
Bhawana Ojha	A-14 noida sector-20	788888888	dummy221@dummy.com												
Rajeev Nayan Sinha	A-14 noida sector-21	788888888	dummy3331@dummy.com												
Prachi Punia	A-14 noida sector-22	788888888	dummy3331@dummy.com												
Sanjeev Kumar	A-14 noida sector-23	788888888	dummy1777@dummy.com												
Rup Narain Srivastava	A-14 noida sector-24	788888888	dummy6661@dummy.com												
Rajeev Kumar Srivastava	A-14 noida sector-25	788888888	dummy12121@dummy.com												
Gaya Nand Prasad	A-14 noida sector-26	788888888	dummy2323221@dummy.com												
Shwetank Agarwal	A-14 noida sector-27	788888888	dummyaasa1@dummy.com												
